{"cameraMode":{"drawMode":0,"name":"Shaded","section":"Shading Mode"},"sceneLighting":true,"audioPlay":false,"sceneViewState":{"showFog":true,"showMaterialUpdate":true,"showSkybox":true,"showFlares":true,"showImageEffects":true,"showParticleSystems":true},"in2DMode":false,"pivot":{"x":0.10091209411621094,"y":1.5008928775787354,"z":-3.0903751850128176},"rotation":{"x":-0.06136630102992058,"y":0.8531889319419861,"z":-0.10314498096704483,"w":-0.5076062083244324},"size":10.0,"orthographic":false}